epoch,d_loss,g_loss
1,-5.455880427360535,-0.6023499697446824
2,-5.788264608383178,-0.5005555212497711
3,-5.703186130523681,-2.2264304757118225
4,-4.6828688621521,-3.231873428821564
5,-5.249821662902832,-2.5091122448444367
6,-4.222277998924255,-4.112064909934998
7,-3.3259039402008055,4.866805320978164
8,-2.8802097916603087,10.27393560409546
9,-2.3107200026512147,4.8408416390419005
10,-2.6150963842868804,7.573944082856178
11,-1.2491883337497711,7.913807937502861
12,-1.8213226795196533,1.4183172643184663
13,-2.470060169696808,6.3536057502031325
14,-2.8210643887519837,5.404378187656403
15,-1.910724151134491,5.746823525428772
16,-2.120626449584961,16.136662769317628
17,-1.7161276459693908,21.796656703948976
18,-2.1823298811912535,9.020753586292267
19,-1.2367852479219437,9.06052098274231
20,-1.6491970896720887,15.47056312561035
21,-1.4716512262821198,11.588597393035888
22,-1.0653965182602405,8.900211811065674
23,-0.8454195559024811,20.767488384246825
24,-1.7741759300231934,16.003367710113526
25,-1.7893814861774444,15.781070113182068
26,-1.7599419504404068,2.913382148742676
27,-1.2106785148382186,-12.009620761871338
28,-0.8441108524799347,4.730477404594422
29,-1.2957139670848847,12.585451889038087
30,-1.4458829045295716,23.60747241973877
31,-0.7845948874950409,3.965054416656494
32,-1.4239965736865998,4.6821167945861815
33,-1.803994557261467,6.54677140712738
34,-1.055174046754837,16.883730697631837
35,-1.3627388775348663,27.89930076599121
36,-1.072780968248844,6.063475877046585
37,-1.9721315264701844,-1.4459315299987794
38,-1.2639484092593194,6.531625890731812
39,-0.8170462250709534,-2.68068870306015
40,-1.398126944899559,13.255394649505615
41,-0.9460530251264572,-3.9125977635383604
42,-1.1544115126132966,16.031624412536623
43,-0.5090670108795166,11.743650341033936
44,-1.2457443058490754,15.90550103187561
45,-1.1633506581187247,8.671565008163451
46,-0.9746707186102868,6.991267299652099
47,-1.583936232328415,7.239739942550659
48,-1.2095749959349633,13.355505692958832
49,-1.7985243301838636,-18.290932250022887
50,-0.8839959591627121,7.368339757621288
51,-0.9531101062893867,-2.0811199486255645
52,-1.1111599296331405,18.478552222251892
53,-0.9031602680683136,-8.806945377588272
54,-0.671435697376728,0.3046769142150879
55,-0.5695681393146514,-13.407218074798584
56,-1.597189936041832,22.400252556800844
57,-0.3935969576239586,1.8917366713285446
58,-1.1505807995796205,16.963448238372802
59,-0.7533981025218963,18.10512056350708
60,-1.1045282483100891,9.677282428741455
61,-1.723277673125267,13.050567579269408
62,-0.755359061062336,11.239134854078292
63,-1.0226654797792434,1.7210173316299915
64,-0.9419007748365402,-18.743437743186952
65,-1.6847509428858758,-12.51003053188324
66,-0.976463045179844,-15.50037506222725
67,-1.2224979355931282,-8.147854232788086
68,-1.5406553745269775,23.781605863571166
69,-0.8391498267650604,5.823865014314651
70,-0.9703840181231499,1.9973089575767518
71,-0.717937920987606,5.615588140487671
72,-1.5963244184851646,10.547057938575744
73,-0.7360601887106896,22.38788013458252
74,-1.4149647295475005,10.112665939331055
75,-1.1035636976361274,-5.346892189979553
76,-0.9424178525805473,20.131931877136232
77,-1.0425582081079483,25.81084794998169
78,-0.4794494017958641,-11.604728698730469
79,-1.776610141992569,4.289514601230621
80,-0.9348695784807205,-9.890736240148545
81,-0.2514918312430382,28.855315268039703
82,-0.6928977683186531,-3.8806149482727053
83,-1.3887979671359063,34.57877368927002
84,-0.47302303835749626,26.879638957977296
85,-0.4521864175796509,28.39007911682129
86,-1.5326036594808101,31.887662887573242
87,-0.9108921512961388,8.745797395706177
88,-1.2229545652866363,37.76713180541992
89,-0.5665121745318175,12.399139165878296
90,-0.8096463348716497,-4.329911303520203
91,-1.2438422199338675,34.29760208129883
92,-0.49566721022129057,8.227908432483673
93,-0.5523682091385126,-1.546445083618164
94,-0.8231720209121705,-14.799398422241211
95,-1.6386341780424118,-19.576489347219468
96,-1.0212696172297,30.227555751800537
97,-0.8047071635723114,2.876859664916992
98,-0.904433362185955,7.322827982902527
99,-0.40017154812812805,8.586036801338196
100,-1.3088758677244186,4.93311360925436
101,-0.6961312167346477,21.644207262992857
102,-0.6832119971513748,-12.594788742065429
103,-1.0861240759491921,18.524743567407132
104,-0.6132951661944389,-11.308706331253052
105,-0.9505435585975647,17.53050537109375
106,-1.0247105218470096,5.433784359693528
107,-0.24574233889579772,-10.494865345954896
108,-0.34692796468734743,1.6690557926893235
109,-1.2172823451459407,14.30917854309082
110,-0.9924093142151833,1.2674261391162873
111,-0.8253514152020216,2.666546130180359
112,-0.5131349742412568,15.661413049697876
113,-0.6608675487339497,3.6940854251384736
114,-0.5153023809194565,0.5428830623626709
115,-0.752756005525589,23.715993547439574
116,-1.5666779369115829,-23.959346580505372
117,-0.9571433424949646,-31.297279357910156
118,-0.5429060503840446,1.7941217422485352
119,-0.5712353855371475,-6.866185855865479
120,-0.901043039560318,-7.625870764255524
121,-0.8270073041319848,6.636506992578506
122,-1.3684625953435898,0.44173825457692145
123,-0.8333586677908897,28.146550345420838
124,-0.4355089604854584,1.6389980427920818
125,-0.9568611875176429,-30.617387676239012
126,-0.6733301788568496,-3.3906260028481485
127,-1.6486789464950562,8.019680523872376
128,-0.5833861470222473,13.591135406494141
129,-0.41483564376831056,-8.277690601348876
130,-0.5025010213255883,-8.209137010574342
131,-0.7802299745380878,-8.936322784423828
132,-0.6789533078670502,-9.405917739868164
133,-0.7030877843499184,-6.543057990074158
134,-0.31827887445688247,-7.729154622554779
135,-0.968692883849144,2.7070513725280763
136,-0.38738417327404023,2.943234443664551
137,-0.3534147866070271,3.223789358139038
138,-1.0525963991880416,15.708962631225585
139,-0.5488783992826939,-15.77406973838806
140,-0.8814522575587034,-13.692162942886352
141,-0.8843077216297388,13.824200692772866
142,-0.8256145805120468,20.71594944000244
143,-1.069931621849537,33.83620338439941
144,-0.7061739012598991,19.329327011108397
145,-1.194507760554552,19.65227699279785
146,-0.6195477038621903,10.276781758666038
147,-0.563496008515358,-1.2580643355846406
148,-0.5930188193917274,-9.001729500293731
149,-0.6351762682199478,8.642555543780327
150,-0.7841047152876854,-2.1826752424240112
151,-1.0574622660875321,3.4265415988862515
152,-1.1914170160889626,8.941837346553802
153,-0.33758959397673605,9.521374773979186
154,-0.5455102458596229,8.991491907835007
155,-1.175155246257782,-15.373795461654662
156,-0.4212959796190262,-5.510435272753239
157,-0.358711439371109,6.80088517665863
158,-0.636138790845871,-3.0338954031467438
159,-0.6010170675814152,8.834306716918945
160,-0.6716507822275162,16.097344589233398
161,-0.9198275804519653,26.715739727020264
162,-0.6712325699627399,-9.19945615530014
163,-1.1648198276758195,17.9660626411438
164,-0.44546006321907045,5.817793464660644
165,-0.2706813246011734,1.0012235999107362
166,-0.7146340418606997,9.174020612239838
167,-0.3748930335044861,6.545072495937347
168,-0.9177566014230252,-0.11471943855285645
169,-0.5016680404543876,7.35965336561203
170,-1.2676605835556984,-30.18129539489746
171,-1.1631861180067062,-15.444809633493424
172,-0.7623600699007511,1.2449601531028747
173,-0.900507214665413,1.1843127459287643
174,-0.6887087240815163,-4.949259155988694
175,-0.33668266534805297,-12.998891687393188
176,-0.4637557752430439,6.420018261671066
177,-0.8520342644304038,-22.6881765127182
178,-0.6027719415724277,29.305796337127685
179,-1.464691731147468,23.495218372344972
180,-0.938012333959341,-36.306334018707275
181,-0.8173447743058204,8.354321956634521
182,-0.5805957108736038,5.645169353485107
183,-0.24770343750715257,-10.679280853271484
184,-0.668780654668808,-3.4358946323394775
185,-0.7187244797125458,8.746888428926468
186,-0.5722937874495984,12.228981447219848
187,-0.4792986258864403,6.704178252816201
188,-0.7527948275208474,-4.1789803467690945
189,-0.7311249159276485,-2.4984008342027666
190,-1.1507069692015648,-6.345716294646263
191,-0.9191929072141647,-6.373521018028259
192,-0.3099677227437496,-29.37908035516739
193,-1.0330816313624382,-0.4660022735595703
194,-0.2067031055688858,22.12789602279663
195,-0.8864923425018787,-28.17564848661423
196,-0.54298344142735,1.2931122303009033
197,-1.168719118833542,22.423689460754396
198,-0.3754609875380993,-1.9703603744506837
199,-1.116521905362606,11.305263829231261
200,-0.8748183801770211,-12.306176900863647
201,-0.9856049239635467,4.912269192934036
202,-0.896172259747982,5.198251283168792
203,-0.8043994545936585,4.661396508663893
204,-0.6243937365710736,1.668688178062439
205,-0.488285619020462,-23.43915367126465
206,-0.5087027281522751,9.302658748626708
207,-0.6366861239075661,4.114120703935623
208,-0.5614264219999313,-26.000248908996582
209,-0.47447760328650473,18.028641879558563
210,-1.1864414781332016,-5.712681829929352
211,-1.4174207508563996,-19.830668449401855
212,-0.8229921504855156,12.843425941467284
213,-0.9497011661529541,23.691867685317995
214,-0.3187816172838211,-6.055559825897217
215,-0.30727184414863584,18.28876600265503
216,-1.1222563177347182,3.1881548523902894
217,-1.1773956649005413,-15.661619091033936
218,-1.069850754737854,0.19530162811279297
219,-1.0218576818704606,27.890231704711915
220,-0.49015180617570875,-0.9658560276031494
221,-0.47361244559288024,-11.251919031143188
222,-0.6113822966814041,-6.047082471847534
223,-1.1897663593292236,12.76954750418663
224,-1.091862788796425,-6.08842442035675
225,-0.37411101423203946,-8.708807754516602
226,-0.5310716599225997,1.6438491940498352
227,-0.548981112241745,-4.824827742576599
228,-0.7947186335921288,-5.670713031291962
229,-0.5795584380626678,12.43534893989563
230,-0.27065157145261765,35.45582361221314
231,-0.2727455526590347,-7.145542812347412
232,-1.1382199868559837,-20.9580997467041
233,-1.2724693566560745,-10.338145804405212
234,-0.7842591390013695,16.495755767822267
235,-0.7503974311053753,25.582378578186034
236,-0.2789421111345291,2.7731992840766906
237,-0.6801909692585468,1.473381769657135
238,-0.36492036283016205,3.3831520795822145
239,-0.557526457309723,-10.440222311019898
240,-0.770533399283886,14.33951768875122
241,-0.844896212220192,10.509364032745362
242,-0.6857219368219376,-21.221869945526123
243,-0.6390810014680028,-19.365370750427246
244,-1.3062435805797576,0.7695155918598175
245,-0.4636223495006561,42.388608360290526
246,-0.854309868812561,4.850799608230591
247,-0.5804259821772575,-7.029119193553925
248,-0.5298416584730148,9.26419825553894
249,-0.7866256855428219,18.990279388427734
250,-0.46316153220832346,11.127356815338135
251,0.05565490871667862,-9.8875373005867
252,-0.557038477063179,10.917521724104882
253,-1.1565493680536747,-13.111048641800881
254,-0.6540417730808258,8.126843357086182
255,-0.42996529638767245,3.0452690601348875
256,-0.24828528612852097,-5.550277519226074
257,-0.4764102421700954,-31.93441219329834
258,-1.083367010205984,-6.303815174102783
259,-0.5188782542943955,25.487855434417725
260,-0.7915620929561555,20.02547330856323
261,-0.06881628353148699,13.738518166542054
262,-0.633981266617775,-20.38029079437256
263,-0.5905339865013957,-9.516202259063721
264,-0.29811297357082367,13.092390537261963
265,-0.7054368652403354,36.019600296020506
266,-0.5804142594337464,-5.018420553207397
267,-0.558448326587677,-13.687945932149887
268,-0.49962523207068443,15.970643520355225
269,-0.9064305696636439,29.209016466140746
270,-0.6109426379203796,23.255735886096954
271,-0.15527009963989258,-4.453379666805267
272,-0.7319989480078221,-6.182572609186172
273,-0.6174980085343122,18.944468307495118
274,-1.3598460994660855,12.309542959928512
275,-0.7455863937735557,-2.341887640953064
276,-0.5473326735198498,11.930049276351928
277,-0.9151294946670532,-8.054122984409332
278,-0.10328031815588475,-7.677074313163757
279,-1.1189339339733124,21.71476650238037
280,-0.7707640960812568,17.795144271850585
281,-0.5765203937888146,-24.263316297531127
282,-1.0057229906320573,5.066404199600219
283,-0.980632015503943,7.797047418355942
284,-1.1389943957328796,-21.956675672531127
285,-1.2138428712263702,10.495851707458495
286,-0.6707721903920174,12.351408596336842
287,-0.6203685224056243,10.445262730121613
288,-0.9092287138104439,8.565147209167481
289,-0.20756327509880065,-17.858419942855836
290,-1.0969994723796845,-23.39389223456383
291,-0.6112451929599046,25.566146564483642
292,-1.150365136936307,23.405580377578737
293,-0.3794534787535667,4.474108123779297
294,-0.4680766090750694,9.958815813064575
295,-0.7993749938905239,11.46247410774231
296,-0.9875825271010399,13.697941207885743
297,-0.4956997446715832,14.151331853866576
298,-1.5435872673988342,16.80952501296997
299,-0.5277672842144966,4.512668687105179
300,-0.3592290408909321,-22.696109008789062
301,-0.3582045093178749,-13.12890796661377
302,-0.5650064364075661,13.136566638946533
303,-0.8651557952165604,19.18435354232788
304,-0.8622147552669048,23.245945358276366
305,-0.7601772300899029,-11.550525569915772
306,-0.7665095806121827,-30.459408569335938
307,-0.9306060761213303,19.202360254526138
308,-0.7699487298727036,1.3446025371551513
309,-0.5275218024849891,-14.192200756072998
310,-0.6420204862952232,-12.840860652923585
311,-0.33537406735122205,-7.153162813186645
312,-0.7824360087513924,12.279811125993728
313,-0.542327082157135,3.2735174179077147
314,-0.517229525372386,-6.962877696752548
315,-0.4510069154202938,-6.2935121059417725
316,-0.9981664560735226,6.644597339630127
317,-1.4124761715531349,34.30572423934937
318,-0.4015655189752579,-4.145259928703308
319,-1.1049079135060311,-3.355230391025543
320,-0.5090628920122982,21.173451137542724
321,-0.642780777812004,-1.3327003479003907
322,-0.5764225453138352,-20.397845530509947
323,-0.4679772675037384,10.088756775856018
324,-0.6851789399981498,-15.693008470535279
325,-1.5351685643196107,-14.832979917526245
326,-0.4486120015382767,-14.26240906715393
327,-0.5733298007398844,2.5711058672517537
328,-1.0068311780691146,-9.060673546791076
329,-0.6983034893870353,-14.464857161045074
330,-0.544895613193512,-16.177665734291075
331,-0.7287584990262985,16.019923877716064
332,-0.2959982305765152,-5.531372767686844
333,-0.8636258393526077,8.57108724117279
334,-0.36809418350458145,12.661481690406799
335,-0.08773141428828239,-11.050570344924926
336,-0.5144252106547356,8.730291271209717
337,-0.8070169627666474,-20.030129051208498
338,-0.323599074780941,-12.65163745880127
339,-0.20308937914669514,10.735113041102887
340,-0.2867189923301339,26.59453248977661
341,-0.3775033295154572,22.65086398124695
342,-0.38933650925755503,-32.05503664016724
343,-0.30551360324025156,-14.544567775726318
344,-0.8948804564774037,-22.74561434984207
345,-0.35924721881747246,21.53635915517807
346,-0.09389799535274505,-0.2864494323730469
347,-1.0897106528282166,37.782197046279904
348,-0.6734884295612573,-22.080327260494233
349,-1.3095956400036812,-22.719875049591064
350,-0.876646414399147,-35.53481597900391
351,-0.5537440732121468,13.26983575820923
352,-0.6284098863601685,14.525442552566528
353,-0.7757566317915916,23.653085684776308
354,-0.4649007871747017,-21.072400832176207
355,-0.9119373064488172,1.537120807170868
356,-0.9278849482536315,23.493630409240723
357,-0.2496957629919052,-0.1180913805961609
358,-0.3465597782284021,1.6158454775810243
359,-0.25263630151748656,20.617009162902832
360,-0.31972130835056306,8.110555815696717
361,-1.1506302788853646,23.782822799682616
362,0.24326170086860657,12.044676637649536
363,-0.5656282797455787,1.7724796295166017
364,-0.7131727620959282,-9.468055629730225
365,0.009606267511844634,22.47838411331177
366,-0.3756257314234972,13.890614461898803
367,-0.7664269965142012,8.848180770874023
368,-0.17081816047430037,19.67742338180542
369,-0.7292881600558758,-6.1124171137809755
370,-0.8943250954151154,7.975135445594788
371,-0.24664094001054765,20.632887649536134
372,-0.9383581474423408,5.466579973697662
373,-0.6292500786483288,-6.745572745800018
374,-0.7087464809417725,25.12587661743164
375,-1.0638748496770858,27.12953758239746
376,-0.17058368921279907,37.02661628723145
377,-0.9752298049628735,-13.41172389984131
378,-0.5600581675767898,-13.181846261024475
379,-0.33975417017936704,14.826885604858399
380,-0.7956999909132719,0.3185840606689453
381,-0.40388218462467196,-19.39263334274292
382,-0.6418002188205719,-17.493635368347167
383,-0.6169807031750679,28.4793874502182
384,-0.46743854954838754,-9.161221122741699
385,-0.7361092388629913,-0.6762569487094879
386,-0.8451725333929062,18.386441299319266
387,-0.14698536172509194,22.590606117248534
388,-0.5994861662387848,1.758397102355957
389,-0.6495215445756912,10.50831651687622
390,-0.56999955996871,25.604760551452635
391,-0.5434278964996337,10.608501720428468
392,-0.8850143417716027,-16.87279381752014
393,-0.6968295589089394,-14.081023836135865
394,-0.13505809158086776,22.769223821163177
395,-0.4742070011794567,25.388463401794432
396,-0.7142303839325905,34.821675300598145
397,-0.38050241246819494,-16.951026296615602
398,-0.4125234350562096,-23.49648265838623
399,-0.763197511434555,-4.758140325546265
400,-1.0633169770240785,45.473741912841795
401,-1.1791120529174806,-12.980924302339554
402,-0.17981199957430363,-28.15472102165222
403,-0.9515361726284027,15.371572136878967
404,-0.1738106705248356,31.621642684936525
405,-0.45489674508571626,22.213816452026368
406,-0.1758490078151226,18.97435622215271
407,-0.508133216202259,-15.089851546287537
408,-0.8238327205181122,-24.783442497253418
409,-0.6459043987095356,3.668518590927124
410,-0.5770940080285072,25.82454948425293
411,-0.5952478066086769,6.519713687896728
412,-1.1294757008552552,-28.136617851257324
413,-0.11474931389093398,-0.31424628496170043
414,-0.717083946429193,13.541415691375732
415,-0.620057412981987,17.3882559299469
416,-0.6221539974212646,23.17739334106445
417,-0.24291963055729865,15.58452491760254
418,-0.32550686225295067,13.74138684272766
419,-0.6767972984351218,-16.28352293968201
420,-0.39326454475522044,5.759174588322639
421,-0.6222929298877716,26.715584754943848
422,-0.41014469265937803,12.0474928855896
423,-1.3412656381726265,-15.244944787025451
424,-0.6452316522598267,-36.25678195953369
425,-0.5882485834881663,-8.018339204788209
426,-0.16429791897535323,23.536136531829833
427,-0.7444893330335617,-2.612603983283043
428,-0.4658912353217602,2.0897268533706663
429,-0.32232053093612195,6.7939029738307
430,-0.4612543165683746,-17.980634212493896
431,-0.7288716999813915,-13.427384400367737
432,-0.07504982491955162,13.850973963737488
433,-1.3419519172981382,21.863774871826173
434,-0.39145993888378144,23.110457134246825
435,-0.13142997175455093,-2.02832962051034
436,0.019392309244722128,-20.660428977012636
437,-0.8697320491075515,0.03372648358345032
438,-0.013893773406744003,-15.738485050201415
439,0.12224427908658982,-5.369192850589752
440,-0.49234517849981785,-6.098078012466431
441,-0.6659239903092384,-5.21064612865448
442,-0.5309148542582989,-13.728087520599365
443,0.18799645379185675,-34.240035915374754
444,-0.972775311768055,20.988607639074324
445,-0.6465145513415337,14.955755567550659
446,-0.3018060356378555,-5.83834046125412
447,-0.5150470534339547,-18.255895566940307
448,-0.7593622166663409,8.108757019042969
449,-1.4126204445958137,9.525629752874375
450,-0.13948436863720418,-38.43583583831787
451,-0.5872409403324127,3.3734976768493654
452,0.27221247255802156,23.647386074066162
453,-0.3411421552300453,29.914515113830568
454,-0.3620911259204149,15.808532524108887
455,-0.06861980631947517,7.433334922790527
456,-0.42803344652056696,-32.2024986743927
457,-0.3384961845353246,27.682084220647813
458,-0.7207939594984054,35.33401947021484
459,-0.29799589700996876,-49.51710605621338
460,-0.8338046878576278,-22.854329299926757
461,-0.6418118439614773,17.61519173383713
462,-0.7351478654891253,-18.046863746643066
463,-0.20230110064148904,-25.041905307769774
464,-0.8747752428054809,1.13231703042984
465,0.17663732469081878,27.912174034118653
466,-0.18514091484248638,16.156600952148438
467,-0.783382523804903,-26.00059309005737
468,-0.25413406565785407,3.6627792060375213
469,-0.723188778758049,-19.817842292785645
470,-0.4169445517472923,13.760717129707336
471,-0.5440171666443347,1.0661681652069093
472,-0.4763036385178566,-15.145816224813462
473,-0.19728661999106406,9.022326159477235
474,-0.6863915234804153,20.441583609580995
475,-0.3298866398632526,-3.575407528877258
476,-0.3284411780536175,-4.421135187894106
477,-1.1602582901716232,13.813801765441895
478,-0.868144641071558,0.5328432559967041
479,-0.4835721135139465,-32.5573016166687
480,-0.6060554891824722,-23.320627212524414
481,-0.26753049828112124,-20.841771602630615
482,-0.4234796240925789,16.296415042877197
483,-0.9830781444907188,7.265717196464538
484,-0.4910237222909927,-0.6232269555330276
485,0.015978591144084932,-28.5818151473999
486,-0.9382858023047447,-6.124535369873047
487,0.11750823110342026,23.487816047668456
488,-0.4067211028188467,16.359795570373535
489,-0.011941389739513397,13.61173219680786
490,-0.12429336570203305,-1.9399120569229127
491,-0.9395756622776389,-32.67062487602234
492,-0.8773222893476487,30.41261167526245
493,-0.725082902982831,22.287142848968507
494,-0.3240387488156557,18.860229682922363
495,-0.5865592669695616,-10.340601110458374
496,-0.4415019877254963,-25.647182512283326
497,0.008694309368729591,-11.713911570608616
498,-0.9607254683971405,42.92799110412598
499,-0.5865895271301269,42.7273006439209
500,-0.49455948621034623,6.98262874186039
