epoch,beta,train_loss,train_recon,train_kl,val_loss,val_recon,val_kl
1,0.004,0.7985718931470599,0.7982738103185382,0.07451975661596018,0.48510390520095825,0.4826584756374359,0.6113595962524414
2,0.008,0.3174268198864801,0.3092495948076248,1.0221529006958008,0.281031996011734,0.2743113934993744,0.8400736451148987
3,0.012,0.2149326652288437,0.2083828044789178,0.545821760381971,0.16605061292648315,0.15852032601833344,0.6275233030319214
4,0.016,0.16399921689714705,0.15592414566448756,0.504691903080259,0.15023645758628845,0.14098116755485535,0.5784551501274109
5,0.02,0.13965896942785808,0.12900977901050023,0.5324596507208688,0.11412916332483292,0.10008911043405533,0.7020025849342346
6,0.024,0.11678171902894974,0.10500755267483848,0.4905902360166822,0.10013651847839355,0.0829327329993248,0.7168243527412415
7,0.028,0.10712404549121857,0.09379099415881294,0.4761803618499211,0.09078707545995712,0.07019244134426117,0.7355225682258606
8,0.032,0.10046449090753283,0.08514691889286041,0.4786740711757115,0.0894869714975357,0.0686592385172844,0.6508665084838867
9,0.036,0.09503326884337834,0.0783841120345252,0.46247658133506775,0.08929026126861572,0.06932861357927322,0.554490327835083
10,0.04,0.08892117121389934,0.07246055081486702,0.4115155552114759,0.0954430103302002,0.07702887058258057,0.4603535532951355
11,0.044,0.08974222200257438,0.07267487687723977,0.3878942344869886,0.08946903795003891,0.06803535670042038,0.4871291518211365
12,0.048,0.09013164362737111,0.07117123795407158,0.39500844904354643,0.08613216876983643,0.06399845331907272,0.46111902594566345
13,0.052,0.09333519956895284,0.07358140285526003,0.37988068802016123,0.08483973145484924,0.059650108218193054,0.48441582918167114
14,0.056,0.09007883284773145,0.06950500767145838,0.36738974707467215,0.08492235839366913,0.05883314087986946,0.46587881445884705
15,0.06,0.08839516660996846,0.06640647032431193,0.36647829839161467,0.08652804046869278,0.06200627237558365,0.40869611501693726
16,0.064,0.08506690497909274,0.06486670992204122,0.315628034727914,0.07885460555553436,0.05459980666637421,0.37898126244544983
17,0.068,0.08305963448115758,0.06527450627514295,0.2615459944520678,0.08090341091156006,0.0613897368311882,0.2869657576084137
18,0.072,0.08563255731548582,0.06831117825848716,0.2405747047492436,0.07916522026062012,0.05270465463399887,0.36750784516334534
19,0.076,0.09025023664746966,0.06878172340137619,0.2824804357119969,0.08098433166742325,0.05321846157312393,0.3653404414653778
20,0.08,0.08238167422158378,0.060944744518824985,0.267961642571858,0.07860585302114487,0.05199333652853966,0.3326564431190491
21,0.084,0.08308860127414976,0.0633873636169093,0.23453852321420396,0.07631632685661316,0.05145323649048805,0.29598918557167053
22,0.088,0.08360358114753451,0.0642808877996036,0.21957606502941676,0.08605900406837463,0.06520289927721024,0.2370011955499649
23,0.092,0.08311329888445991,0.06389644954885755,0.20887879388672964,0.07801544666290283,0.054055262356996536,0.2604367434978485
24,0.096,0.08300126876149859,0.06181139126420021,0.2207278800862176,0.08070140331983566,0.056869026273489,0.2482539415359497
25,0.1,0.08405556849070958,0.06263505348137446,0.21420512880597795,0.07960625737905502,0.05640251189470291,0.23203742504119873
26,0.104,0.08029778301715851,0.06055097335151264,0.18987318021910532,0.07871958613395691,0.05720403790473938,0.20688030123710632
27,0.108,0.07621635496616364,0.05750074769769396,0.17329266667366028,0.0717046707868576,0.049039412289857864,0.20986352860927582
28,0.112,0.08147538985524859,0.06225473327296121,0.1716130120413644,0.0714930072426796,0.04911487549543381,0.19980472326278687
29,0.116,0.07872006297111511,0.05799160897731781,0.1786935670035226,0.0723712146282196,0.046520572155714035,0.22285036742687225
30,0.12,0.0753001868724823,0.05289813556841442,0.18668376973697118,0.07192417979240417,0.043714456260204315,0.2350810319185257
31,0.124,0.07747978504214968,0.05465003369109971,0.1841108990567071,0.0674642026424408,0.03991977870464325,0.22213248908519745
32,0.128,0.07679810055664607,0.05377089977264404,0.1799000118459974,0.06814206391572952,0.041575148701667786,0.20755401253700256
33,0.132,0.07209087056773049,0.047696560089077265,0.1848053847040449,0.06676498800516129,0.04030308872461319,0.20046894252300262
34,0.136,0.07472194092614311,0.051085644002471654,0.17379629399095262,0.06596338748931885,0.0425114668905735,0.17244058847427368
35,0.14,0.07136753095047814,0.04876492332134928,0.16144719081265585,0.07031022757291794,0.04639730602502823,0.17080660164356232
36,0.144,0.07301218169076103,0.049125686820064275,0.1658784512962614,0.06364797055721283,0.039007510989904404,0.17111434042453766
37,0.148,0.07346365547605924,0.04893370558108602,0.16574290607656753,0.06314532458782196,0.037079889327287674,0.17611780762672424
38,0.152,0.07769328355789185,0.054446928203105927,0.15293655225208827,0.06994582712650299,0.03982765972614288,0.19814583659172058
39,0.156,0.07321924716234207,0.04727025223629815,0.16633969758238112,0.06069459393620491,0.03522814065217972,0.1632464975118637
40,0.16,0.07571618258953094,0.05248951113649777,0.14516669937542506,0.0637730285525322,0.03759891539812088,0.16358822584152222
41,0.164,0.06990228699786323,0.0434875243476459,0.16106561252049037,0.06214723736047745,0.036458101123571396,0.15664108097553253
42,0.168,0.07109214259045464,0.04660147428512573,0.14577779386724746,0.06631997227668762,0.042831458151340485,0.13981255888938904
43,0.172,0.07173163656677518,0.04594162851572037,0.1499418956892831,0.06550481170415878,0.038840461522340775,0.15502528846263885
44,0.176,0.06961523422173091,0.043365413056952615,0.14914671863828385,0.06488589197397232,0.039011672139167786,0.1470126211643219
45,0.18,0.07038808188268117,0.04304162359663418,0.15192476553576334,0.06467011570930481,0.037301912903785706,0.15204554796218872
46,0.184,0.07111349489007678,0.04281815194657871,0.15377903410366603,0.06736908853054047,0.040203776210546494,0.14763759076595306
47,0.188,0.07303812993424279,0.045371069972004206,0.14716521756989615,0.06928996741771698,0.04240480810403824,0.14300619065761566
48,0.192,0.07161660226328033,0.04415750929287502,0.14301611057349614,0.06265115737915039,0.035507503896951675,0.14137321710586548
49,0.196,0.06992696970701218,0.042739707444395335,0.13871052541903087,0.05752892047166824,0.02918408066034317,0.1446165293455124
50,0.2,0.06876657264573234,0.04037545222256865,0.14195559918880463,0.06164036691188812,0.032057538628578186,0.1479141265153885
51,0.204,0.06792661866971425,0.03943948554141181,0.13964280911854335,0.06034195423126221,0.034443777054548264,0.12695185840129852
52,0.208,0.06945965918047088,0.04287663847208023,0.12780297547578812,0.05831340700387955,0.030179088935256004,0.1352611482143402
53,0.212,0.07069454874311175,0.040305107831954956,0.14334642035620554,0.06714935600757599,0.03801340237259865,0.1374337524175644
54,0.216,0.07033625883715493,0.040741155190127235,0.1370143656219755,0.06471036374568939,0.036383405327796936,0.13114331662654877
55,0.22,0.06938739387052399,0.03964302422744887,0.13520167555127824,0.06456074863672256,0.037657078355550766,0.12228940427303314
56,0.224,0.07407862693071365,0.04440675729087421,0.13246370426246099,0.06178779527544975,0.02983119711279869,0.14266337454319
57,0.228,0.07088217032807213,0.037692436682326455,0.14556901582649776,0.06275495886802673,0.02938964031636715,0.14633910357952118
58,0.232,0.0716054482119424,0.040694830140897205,0.13323542475700378,0.05686323344707489,0.029534518718719482,0.11779619753360748
59,0.236,0.07235888285296303,0.04414124148232596,0.11956627454076495,0.06154431402683258,0.03050624206662178,0.13151726126670837
60,0.24,0.06949988752603531,0.03770835484777178,0.13246472392763411,0.06625325232744217,0.03894137963652611,0.11379947513341904
61,0.244,0.07589126804045268,0.04688618119273867,0.11887330349002566,0.061960071325302124,0.03081042505800724,0.12766247987747192
62,0.248,0.07342816995722908,0.039077475134815486,0.13851087114640645,0.05919811874628067,0.027957020327448845,0.125972181558609
63,0.252,0.0710507333278656,0.04270439914294651,0.1124854524220739,0.060486484318971634,0.03462770953774452,0.10261418670415878
64,0.256,0.07360906792538506,0.04531457168715341,0.11052536645105906,0.06208217889070511,0.028575055301189423,0.1308871954679489
65,0.26,0.07514602265187673,0.04175516324383872,0.12842638471296855,0.06273085623979568,0.027641406282782555,0.13495942950248718
66,0.264,0.07287404047591346,0.03928498604467937,0.1272312668817384,0.06047572195529938,0.028456704691052437,0.12128416448831558
67,0.268,0.07378579942243439,0.04232205796454634,0.11740201605217797,0.058927327394485474,0.02951751835644245,0.10973808169364929
68,0.272,0.0731714910694531,0.0427096922482763,0.11199190041848592,0.05887304246425629,0.026942575350403786,0.11739140748977661
69,0.276,0.07630511053970881,0.04291465984923499,0.12097989022731781,0.06279847770929337,0.02857966534793377,0.12398121505975723
70,0.28,0.07426997699907847,0.03972534462809563,0.12337368407419749,0.06258880347013474,0.028756020590662956,0.12083137035369873
71,0.284,0.07526085312877383,0.041850529078926356,0.11764198009456907,0.06591944396495819,0.035656463354825974,0.10655978322029114
72,0.288,0.07827977516821452,0.04451064446142742,0.11725393256970815,0.06649772077798843,0.03311096504330635,0.11592623591423035
73,0.292,0.07559438049793243,0.03996359397258077,0.1220232503754752,0.06124642491340637,0.027493471279740334,0.11559230089187622
74,0.296,0.07380596335445132,0.04121952477310385,0.11008932228599276,0.05983074754476547,0.028112174943089485,0.10715732723474503
75,0.3,0.0721457866685731,0.03932468859212739,0.10940366238355637,0.0579078234732151,0.025938689708709717,0.10656376928091049
76,0.304,0.07664966157504491,0.04206816985138825,0.11375491321086884,0.06675521284341812,0.02727062813937664,0.1298835128545761
77,0.308,0.07522580346890859,0.040362436324357986,0.11319274987493243,0.05906993895769119,0.025764958932995796,0.10813305526971817
78,0.312,0.07660294377378055,0.04261550573366029,0.10893409486327853,0.06458204984664917,0.0313510037958622,0.10650977492332458
79,0.316,0.07181158768279212,0.03948253047253404,0.10230714082717896,0.05574946478009224,0.026485376060009003,0.09260787069797516
80,0.32,0.07667619947876249,0.04632599013192313,0.09484440620456423,0.060698024928569794,0.026506775990128517,0.10684766620397568
81,0.324,0.07635063145841871,0.0405849814414978,0.11038780212402344,0.06467054039239883,0.0288949403911829,0.11041852831840515
82,0.328,0.07620720778192792,0.04061228436018739,0.10852110811642238,0.060473449528217316,0.027640780434012413,0.1000996008515358
83,0.332,0.07986142805644444,0.04587439287986074,0.10237058997154236,0.06390663236379623,0.027330799028277397,0.11016818135976791
84,0.336,0.07930657693317958,0.03954303477491651,0.11834387906960078,0.06501464545726776,0.02854599989950657,0.10853764414787292
85,0.34,0.07638908603361674,0.04163294125880514,0.10222395615918296,0.061086781322956085,0.030344726517796516,0.09041780978441238
86,0.344,0.08150430768728256,0.047942115792206356,0.09756450993674141,0.06253699958324432,0.027497073635458946,0.10186025500297546
87,0.348,0.07879869533436638,0.042410394442932944,0.10456408666712898,0.06419872492551804,0.027820786461234093,0.10453431308269501
88,0.352,0.08004480813230787,0.0436703408403056,0.10333655455282756,0.07132411003112793,0.03819838538765907,0.09410716593265533
89,0.356,0.0840695681316512,0.046901989196028025,0.10440331165279661,0.061642080545425415,0.028883548453450203,0.09201834350824356
90,0.36,0.07925125637224742,0.04219114886862891,0.1029447370341846,0.0648709163069725,0.02842593379318714,0.10123605281114578
91,0.364,0.07993050558226449,0.042930678597518375,0.10164787513869149,0.06341416388750076,0.027087513357400894,0.09979849308729172
92,0.368,0.07831284616674695,0.04124953384910311,0.10071552012647901,0.06069840118288994,0.030117522925138474,0.08310021460056305
93,0.372,0.08837690204381943,0.05303446416343961,0.09500655319009509,0.07170962542295456,0.028556127101182938,0.11600402742624283
94,0.376,0.08508969843387604,0.03756555036774704,0.12639401427337102,0.07028322666883469,0.027818290516734123,0.11293865740299225
95,0.38,0.08071233225720269,0.04225965802158628,0.10119124821254186,0.05858171731233597,0.028670772910118103,0.07871301472187042
96,0.384,0.08747925715787071,0.05312831433756011,0.08945557794400624,0.0678512454032898,0.02560567669570446,0.11001449823379517
97,0.388,0.08837121192898069,0.04203270109636443,0.11942915086235319,0.07229486107826233,0.028909213840961456,0.11181867122650146
98,0.392,0.08354108674185616,0.04401582106947899,0.10082976520061493,0.0630345568060875,0.028506966307759285,0.08808059245347977
99,0.396,0.0850525147148541,0.049186207354068756,0.09057148439543587,0.06071735918521881,0.026430785655975342,0.0865822583436966
100,0.4,0.08458468317985535,0.04737567316208567,0.09302252637488502,0.06767076253890991,0.03191123157739639,0.0893988162279129
101,0.404,0.08274481126240321,0.04608374514750072,0.09074521384068898,0.06334669888019562,0.028720740228891373,0.08570780605077744
102,0.408,0.08147624986512321,0.04496410861611366,0.08949054671185357,0.06679768860340118,0.030699655413627625,0.08847557753324509
103,0.412,0.08888954775674003,0.051936576941183636,0.08969167513506753,0.06615671515464783,0.026425527408719063,0.09643492847681046
104,0.416,0.08696086066109794,0.03972256449716432,0.11355359213692802,0.07006889581680298,0.027746088802814484,0.10173750668764114
105,0.42,0.08556368627718516,0.045630269816943576,0.09507956781557628,0.06320156902074814,0.030715087428689003,0.07734876126050949
106,0.424,0.08855878774608884,0.04907784664205143,0.09311542553561074,0.07446381449699402,0.031242424622178078,0.10193724930286407
107,0.428,0.09122533244746071,0.046853983508689065,0.10367137832301003,0.0712607204914093,0.030915427953004837,0.0942646935582161
108,0.432,0.08864457905292511,0.047054581344127655,0.09627314231225423,0.06436735391616821,0.027125686407089233,0.0862075537443161
109,0.436,0.08999029121228627,0.04840995690652302,0.09536774030753545,0.07186800241470337,0.028945157304406166,0.09844689071178436
110,0.44,0.09282805664198739,0.04939494122351919,0.09871162687029157,0.07222428917884827,0.0313040129840374,0.0930006206035614
111,0.444,0.08702596489872251,0.04465830858264651,0.09542264895779747,0.06765453517436981,0.029628358781337738,0.08564452826976776
112,0.448,0.08485516054289681,0.04551602101751736,0.08781057489769799,0.061311524361371994,0.027662601321935654,0.07510919868946075
113,0.452,0.08247848919459752,0.046928416405405314,0.0786506033369473,0.06049781292676926,0.028308972716331482,0.07121425122022629
114,0.456,0.08470040879079274,0.046621572758470266,0.08350622334650584,0.0679611787199974,0.02745647169649601,0.08882611244916916
115,0.46,0.08076998059238706,0.039305061634097783,0.09014112502336502,0.06696873903274536,0.033424779772758484,0.07292165607213974
116,0.464,0.0869866886309215,0.050432241920913966,0.07878113857337407,0.06606881320476532,0.029862163588404655,0.07803157716989517
117,0.468,0.08969066185610634,0.047599749373538155,0.08993785083293915,0.06853437423706055,0.028141602873802185,0.08630933612585068
118,0.472,0.08705375556434904,0.04695703834295273,0.08495067272867475,0.0647803470492363,0.029025111347436905,0.0757526159286499
119,0.476,0.08928320237568446,0.051199251519782205,0.08000830028738294,0.06973270326852798,0.03136094659566879,0.08061293512582779
120,0.48,0.0883207842707634,0.04592260345816612,0.0883295429604394,0.06937691569328308,0.028437184169888496,0.08529110252857208
121,0.484,0.08899689572198051,0.04827142134308815,0.08414354281766075,0.07024379074573517,0.029221564531326294,0.08475665748119354
122,0.488,0.08472054664577756,0.04589534550905228,0.07955983813319888,0.06329219043254852,0.029801927506923676,0.06862758100032806
123,0.492,0.09127776963370186,0.05469442797558648,0.074356381382261,0.06637060642242432,0.0290281530469656,0.07589929550886154
124,0.496,0.09408098672117506,0.04783055505582264,0.09324683994054794,0.07508231699466705,0.025382904335856438,0.10020043700933456
125,0.5,0.0876029644693647,0.03901409836752074,0.09717773646116257,0.06435970962047577,0.02871161513030529,0.07129618525505066
126,0.504,0.08360345661640167,0.048110644200018475,0.07042224385908671,0.06086045503616333,0.03179137036204338,0.057676754891872406
127,0.508,0.09162699644054685,0.058027803365673335,0.06614014080592565,0.06887611746788025,0.02856549061834812,0.07935162633657455
128,0.512,0.09755198763949531,0.05074971541762352,0.09141068373407636,0.07519368082284927,0.027735859155654907,0.09269105643033981
129,0.516,0.09122622971023832,0.04407004320195743,0.09138796265636172,0.06903211772441864,0.02948283776640892,0.07664588838815689
130,0.52,0.09726932112659727,0.057264406234025955,0.07693253138235637,0.07121390104293823,0.03357212245464325,0.07238804548978806
131,0.524,0.09266073256731033,0.05190293597323554,0.07778206148317882,0.06964412331581116,0.029258331283926964,0.0770721286535263
132,0.528,0.09371457248926163,0.04950164897101266,0.08373659636293139,0.06801509857177734,0.027230124920606613,0.07724426686763763
133,0.532,0.09065659450633186,0.04784396397215979,0.08047487160989217,0.06609830260276794,0.028431572020053864,0.07080211490392685
134,0.536,0.09514421650341578,0.051329431789261956,0.08174399605819158,0.0728711485862732,0.02782553620636463,0.0840403214097023
135,0.54,0.09410008362361363,0.04779577627778053,0.08574871399572917,0.07117665559053421,0.03078084997832775,0.0748070478439331
136,0.544,0.09616928334747042,0.053043042974812646,0.0792761721781322,0.06894871592521667,0.02930910885334015,0.07286691665649414
137,0.548,0.09366959120546069,0.04863255045243672,0.08218438497611455,0.07233725488185883,0.028097443282604218,0.08072959631681442
138,0.552,0.09815253743103572,0.055174730718135834,0.07785835010664803,0.07044381648302078,0.03278398886322975,0.06822432577610016
139,0.556,0.09436701770339694,0.04981078313929694,0.08013711337532316,0.07043599337339401,0.028348730877041817,0.07569651305675507
140,0.56,0.09012832811900548,0.047215950808354785,0.07662924379110336,0.06576812267303467,0.02739158272743225,0.06852953135967255
141,0.564,0.09499231725931168,0.05329556976045881,0.07393040295158114,0.07193960249423981,0.033747076988220215,0.06771724671125412
142,0.568,0.09682011817182813,0.05612929803984506,0.07163876507963453,0.07008770853281021,0.030361417680978775,0.06994064897298813
143,0.572,0.09371545485087804,0.051878957876137326,0.07314072549343109,0.07040964066982269,0.0292461346834898,0.07196416705846786
144,0.576,0.09682155932698931,0.05006388149091175,0.0811765268445015,0.07664135098457336,0.0286236684769392,0.08336403965950012
145,0.58,0.0946919641324452,0.05042043647595814,0.07633022325379508,0.06833095103502274,0.03219037130475044,0.06231134384870529
146,0.584,0.09824778458901814,0.058891305433852334,0.06739123218825885,0.07611280679702759,0.03232715651392937,0.07497543096542358
147,0.588,0.09903272028480258,0.04877295025757381,0.08547579709972654,0.07544361799955368,0.028491826727986336,0.07984998822212219
148,0.592,0.09673402884176799,0.05133033650262015,0.07669542729854584,0.0681251659989357,0.029437055811285973,0.06535153836011887
149,0.596,0.09343554611716952,0.05295584137950625,0.0679189685199942,0.06735663115978241,0.027652790769934654,0.06661718338727951
150,0.6,0.09572089569909233,0.049664897578103204,0.07675999190126147,0.07015196979045868,0.028050445020198822,0.07016920298337936
151,0.604,0.09393551094191414,0.051508475095033646,0.07024343897189413,0.06690025329589844,0.030217774212360382,0.06073259189724922
152,0.608,0.09174378429140363,0.049926762602158954,0.06877799864326205,0.06985364109277725,0.026980290189385414,0.07051537930965424
153,0.612,0.09351192095449992,0.050188383885792325,0.07079009392431804,0.06938385963439941,0.031771063804626465,0.06145881488919258
154,0.616,0.09847623429128102,0.05778956839016506,0.06604977963226182,0.0685129463672638,0.03081461414694786,0.06119859591126442
155,0.62,0.10122361034154892,0.0579274520277977,0.06983251443931035,0.07645738124847412,0.033359844237565994,0.06951215863227844
156,0.624,0.09163993277720042,0.044563369027205875,0.07544321034635816,0.06771842390298843,0.030254283919930458,0.06003868579864502
157,0.628,0.0908195014510836,0.05198131874203682,0.06184423661657742,0.06394234299659729,0.03274400159716606,0.04967888072133064
158,0.632,0.10563170909881592,0.06953138272677149,0.05712076649069786,0.07787265628576279,0.041715823113918304,0.057210177183151245
159,0.636,0.0990741103887558,0.05325377466423171,0.07204455669437136,0.0769532173871994,0.029893675819039345,0.07399299740791321
160,0.64,0.09843083364622933,0.050084365265710015,0.07554135684456144,0.06911459565162659,0.027744367718696594,0.06464097648859024
161,0.644,0.09664018345730645,0.0526521982891219,0.0683043258530753,0.06896444410085678,0.02880171872675419,0.06236448138952255
162,0.648,0.0952481169785772,0.05046530440449715,0.069109280194555,0.07389338314533234,0.03168768063187599,0.0651322528719902
163,0.652,0.10041628352233342,0.0547079433287893,0.07010481613022941,0.07316692173480988,0.02915918081998825,0.06749653816223145
164,0.656,0.09730546602181026,0.05245074150817735,0.06837610102125577,0.06898237019777298,0.031735360622406006,0.05677897855639458
165,0.66,0.09969959301607949,0.055953128529446464,0.0662825166114739,0.07647716253995895,0.03329385071992874,0.06542925536632538
166,0.664,0.09707927171673093,0.052853540650435855,0.06660501925008637,0.07221776247024536,0.034011099487543106,0.057540163397789
167,0.668,0.09305796985115324,0.0509794434266431,0.06299180697117533,0.06644073128700256,0.03018561564385891,0.05427413061261177
168,0.672,0.09627562867743629,0.05534069665840694,0.060915076306888034,0.06713292002677917,0.029842235147953033,0.0554920956492424
169,0.676,0.09866493195295334,0.055598211607762744,0.06370816805533,0.07300645858049393,0.0301931481808424,0.06333330273628235
170,0.68,0.10195254215172359,0.05273779268775668,0.07237463018723897,0.07512810081243515,0.02985607460141182,0.0665765106678009
171,0.684,0.09907056710549764,0.05165461663688932,0.06932156213692256,0.07118543237447739,0.028675921261310577,0.062148407101631165
172,0.688,0.10346519947052002,0.05771650161061968,0.06649519662771906,0.07426047325134277,0.029771503061056137,0.06466419994831085
173,0.692,0.09786356346947807,0.050177770001547675,0.06891010808093208,0.07599816471338272,0.03197995573282242,0.06361012905836105
174,0.696,0.09523515296833855,0.051274263965232034,0.06316219536321503,0.06839482486248016,0.03138003125786781,0.053182169795036316
175,0.7,0.09527182685477394,0.05330037219183786,0.05995922376002584,0.07529530674219131,0.03501961752772331,0.05753669887781143
176,0.704,0.10379872151783534,0.061717679990189414,0.05977420721735273,0.0789484828710556,0.03913061320781708,0.0565594807267189
177,0.708,0.10000293914760862,0.053846480058772225,0.06519273828182902,0.07438170909881592,0.02879561297595501,0.06438714265823364
178,0.712,0.10151436712060656,0.05382803933961051,0.06697517793093409,0.06771180033683777,0.028798699378967285,0.05465323105454445
179,0.716,0.1020660794207028,0.058700986206531525,0.06056576860802514,0.07355547696352005,0.033800285309553146,0.055524010211229324
180,0.72,0.10140262863465718,0.05503292860729354,0.06440235834036555,0.07984179258346558,0.033212486654520035,0.06476292014122009
181,0.724,0.09861589755330767,0.05376483127474785,0.06194898911884853,0.07311668246984482,0.03652001544833183,0.05054788291454315
182,0.728,0.10202260102544512,0.05995360070041248,0.057787089475563595,0.07046200335025787,0.030976567417383194,0.05423824116587639
183,0.732,0.10018040133374077,0.05658802443317005,0.059552427381277084,0.07479896396398544,0.031847354024648666,0.0586770623922348
184,0.736,0.10384983782257352,0.05554782545992306,0.06562773351158414,0.07921116799116135,0.03112654574215412,0.06533236801624298
185,0.74,0.11720311961003713,0.06650936869638306,0.06850506418517657,0.08507080376148224,0.032345250248909,0.07125075161457062
186,0.744,0.10221891105175018,0.04998888660754476,0.07020164547222,0.07594636082649231,0.03239456191658974,0.05853736400604248
187,0.748,0.10003771313599177,0.05577577703765461,0.05917370691895485,0.0728844404220581,0.03857699781656265,0.045865558087825775
188,0.752,0.10747702419757843,0.0691801980137825,0.05092663158263479,0.07877655327320099,0.038555268198251724,0.053485747426748276
189,0.756,0.11456146942717689,0.06525520182081632,0.06521993609411376,0.08782313764095306,0.03541543334722519,0.06932235509157181
190,0.76,0.10878189866031919,0.053672886320522854,0.07251185923814774,0.08000414073467255,0.03276352211833,0.06215870380401611
191,0.764,0.10230316541024617,0.05304364806839398,0.06447580776044301,0.07245570421218872,0.030285878106951714,0.05519610643386841
192,0.768,0.1077140559043203,0.06055747717618942,0.061401792402778356,0.0764395147562027,0.031137382611632347,0.05898715555667877
193,0.772,0.10613004224640983,0.05268304316060884,0.0692318630005632,0.08226723968982697,0.03234390169382095,0.06466753780841827
194,0.776,0.10367638511317116,0.053959227566208155,0.06406849888818604,0.07447287440299988,0.0325443260371685,0.054031629115343094
195,0.78,0.1047739109822682,0.05936265949692045,0.05821955682975905,0.0730045884847641,0.03342344984412193,0.050745055079460144
196,0.784,0.10236382803746633,0.058053036353417804,0.05651886761188507,0.07572371512651443,0.031203025951981544,0.05678659677505493
197,0.788,0.10604693314858846,0.05775284341403416,0.06128691881895065,0.07724788784980774,0.03338277339935303,0.05566638708114624
198,0.792,0.10307906674487251,0.05540566784994943,0.06019368288772447,0.07582248747348785,0.03332574665546417,0.053657494485378265
199,0.796,0.1077385853443827,0.06150065894637789,0.058087847594703944,0.07623402774333954,0.032570019364356995,0.05485427752137184
200,0.8,0.105511303458895,0.058186453367982595,0.059156064476285665,0.07636775076389313,0.03174961358308792,0.05577266588807106
201,0.804,0.11219978971140725,0.06412627069013459,0.0597929305263928,0.08059822022914886,0.03309503570199013,0.05908355861902237
202,0.808,0.1040803673011916,0.053806843502180915,0.06221970596483776,0.07770776748657227,0.034292131662368774,0.053732216358184814
203,0.812,0.1038913247840745,0.05843401540602956,0.055981911186661036,0.07305426895618439,0.0340881422162056,0.04798784479498863
204,0.816,0.11062215055738177,0.06657599923866135,0.05397812756044524,0.07560226321220398,0.033186327666044235,0.051980309188365936
205,0.82,0.1077687559383256,0.0595292363848005,0.05882868277175086,0.07951608300209045,0.03336658701300621,0.05627986788749695
206,0.824,0.1082632424575942,0.055940559932163784,0.06349840121609825,0.08048468828201294,0.032807882875204086,0.05786019563674927
207,0.828,0.10561512942825045,0.0566088179392474,0.059186365987573354,0.07741668075323105,0.03570011258125305,0.050382327288389206
208,0.832,0.11230830422469548,0.06635840769324984,0.055228237594876974,0.0770396888256073,0.03163191303610802,0.05457664653658867
209,0.836,0.10799169433968407,0.058484013591493876,0.059219710528850555,0.08088793605566025,0.03335438296198845,0.05685831606388092
210,0.84,0.10462740276541029,0.0546975987298148,0.05944024292486055,0.07781431078910828,0.035250309854745865,0.050671424716711044
211,0.844,0.11224227824381419,0.0648647988481181,0.0561344533094338,0.08465734869241714,0.040678754448890686,0.05210734158754349
212,0.848,0.11330435212169375,0.06376629482422556,0.05841752354587827,0.08489339053630829,0.03569097816944122,0.05802170932292938
213,0.852,0.1134311461022922,0.06366822975022453,0.05840717841471944,0.08670970052480698,0.044408246874809265,0.049649592489004135
214,0.856,0.1049574219754764,0.05843892799956458,0.05434403568506241,0.07795341312885284,0.036903299391269684,0.047955743968486786
215,0.86,0.11570441509996142,0.07212289529187339,0.05067618510552815,0.08099432289600372,0.038252029567956924,0.049700334668159485
216,0.864,0.10858172284705299,0.05895696420754705,0.057436060692582815,0.07831854373216629,0.03397539258003235,0.05132308974862099
217,0.868,0.11572991098676409,0.06832082782472883,0.054618759879044125,0.08734822273254395,0.038836441934108734,0.055889151990413666
218,0.872,0.11089262685605458,0.05773429625800678,0.060961391244615824,0.08697564899921417,0.0400552861392498,0.053807757794857025
219,0.876,0.1067460413490023,0.0577100824032511,0.05597712418862751,0.07586449384689331,0.03612055256962776,0.045369796454906464
220,0.88,0.10954408879790987,0.0676957443356514,0.04755493625998497,0.07593333721160889,0.0395406037569046,0.041355378925800323
221,0.884,0.10750743853194374,0.0627363467855113,0.050646030477115085,0.08676739782094955,0.03821808472275734,0.05492003634572029
222,0.888,0.10637539944478444,0.05708967042820794,0.055501947445528846,0.08202683180570602,0.040355004370212555,0.04692773148417473
223,0.892,0.12509540574891226,0.07781203091144562,0.05300826632550785,0.08202484250068665,0.0368436798453331,0.05065153166651726
224,0.896,0.11044554093054362,0.059831465993608744,0.05648892159972872,0.08308487385511398,0.03674209862947464,0.05172184482216835
225,0.9,0.10718936686004911,0.05991276779345104,0.05252955587846892,0.07698655128479004,0.03587443009018898,0.04568013921380043
226,0.904,0.11325009592941829,0.06930389840688024,0.04861305228301457,0.07660441100597382,0.03598633408546448,0.04493149742484093
227,0.908,0.1072929756981986,0.061337370957647054,0.05061190043176923,0.08042119443416595,0.036829929798841476,0.04800800606608391
228,0.912,0.10921530957732882,0.06221247890165874,0.051538191203560145,0.08294457197189331,0.03851442039012909,0.04871726781129837
229,0.916,0.11137796406235013,0.06423547917178699,0.05146559381059238,0.08130775392055511,0.03934070095419884,0.045815564692020416
230,0.92,0.10767236564840589,0.062210342181580405,0.04941524139472416,0.07685737311840057,0.03727569803595543,0.04302356019616127
231,0.924,0.11350494410310473,0.0718024740261691,0.04513254176293101,0.07937177270650864,0.04206414148211479,0.040376223623752594
232,0.928,0.10959938594273158,0.06462466503892626,0.04846413965736117,0.08280279487371445,0.036862775683403015,0.04950433224439621
233,0.932,0.10299365861075264,0.05623867469174521,0.050166292382138114,0.07868318259716034,0.03816061466932297,0.043479155749082565
234,0.936,0.11924834762300764,0.0748529349054609,0.04743099744830813,0.07872442901134491,0.03501458093523979,0.04669855162501335
235,0.94,0.11427322775125504,0.0629982841866357,0.05454781438623156,0.08848737180233002,0.03787727281451225,0.05384053662419319
236,0.944,0.11530136742762156,0.06314878112503461,0.05524638082299914,0.08449802547693253,0.0408710241317749,0.04621504247188568
237,0.948,0.11205024165766579,0.06346888467669487,0.05124615452119282,0.08303108811378479,0.03677258640527725,0.04879588261246681
238,0.952,0.10917872935533524,0.062170094677380154,0.0493788155061858,0.08357204496860504,0.04333382099866867,0.04226704314351082
239,0.956,0.11715672058718545,0.0739421227148601,0.04520355803625924,0.08048919588327408,0.039663128554821014,0.04270509257912636
240,0.96,0.11240168767316001,0.06717525316136223,0.04711086941616876,0.08375583589076996,0.039405517280101776,0.046198245137929916
241,0.964,0.11247402429580688,0.06314139919621604,0.05117492324539593,0.08531245589256287,0.03867753967642784,0.04837646707892418
242,0.968,0.10476714904819216,0.05739385581442288,0.048939354185547145,0.07941647619009018,0.03886313736438751,0.04189394414424896
243,0.972,0.1160227188042232,0.07192837606583323,0.04536454752087593,0.08037896454334259,0.04002392664551735,0.041517533361911774
244,0.976,0.10892851544278008,0.06399148276873998,0.0460420415869781,0.08038942515850067,0.0378900021314621,0.04354448989033699
245,0.98,0.11177319926874978,0.0641788515661444,0.048565659672021866,0.08226600289344788,0.03744173049926758,0.04573904722929001
246,0.984,0.10875256359577179,0.061819939741066525,0.04769575436200414,0.07822127640247345,0.03871229663491249,0.04015140235424042
247,0.988,0.10763209526027952,0.06629142271620887,0.04184278632913317,0.07733140140771866,0.039686691015958786,0.038101933896541595
248,0.992,0.11282201004879815,0.07140842133334704,0.04174757216657911,0.0816417708992958,0.037853535264730453,0.044141367077827454
249,0.996,0.1178213262132236,0.06748975919825691,0.05053370339529855,0.0909733846783638,0.042870260775089264,0.048296310007572174
250,1.0,0.11715546037469592,0.06538276480776924,0.051772695034742355,0.08422607183456421,0.038374464958906174,0.04585160315036774
251,1.0,0.11768613649266106,0.07107446236269814,0.04661167359777859,0.08069637417793274,0.03924193233251572,0.04145444184541702
252,1.0,0.11733299174479075,0.07203714336667742,0.04529584731374468,0.08484597504138947,0.04070262610912323,0.044143352657556534
253,1.0,0.11967315205505916,0.07048880947487694,0.04918434311236654,0.08683934807777405,0.03705635666847229,0.04978298768401146
254,1.0,0.11397938962493624,0.063059715288026,0.050919673804725916,0.08444000780582428,0.03687988966703415,0.04756012186408043
255,1.0,0.11671464358057294,0.06899881256478173,0.047715832612344196,0.08196313679218292,0.03904592990875244,0.04291721060872078
256,1.0,0.11367383599281311,0.06837794982961246,0.04529588616320065,0.08108022809028625,0.04050701856613159,0.040573205798864365
257,1.0,0.11383037801299777,0.07099030007209096,0.04284007900527546,0.08337190747261047,0.04094727337360382,0.04242463782429695
258,1.0,0.10739511038575854,0.06233948203069823,0.04505562888724463,0.08924426138401031,0.048153381794691086,0.04109088331460953
259,1.0,0.11194827726909093,0.0670010649732181,0.044947211763688495,0.0822402760386467,0.03919154405593872,0.04304873198270798
260,1.0,0.12202156441552299,0.07603963624153819,0.04598192764180047,0.08318118751049042,0.04135995730757713,0.041821230202913284
261,1.0,0.11706559572901044,0.07028580669845853,0.046779787966183255,0.08748820424079895,0.04112406447529793,0.046364136040210724
262,1.0,0.11258975629295621,0.06427788947309766,0.04831186788422721,0.08672304451465607,0.04315236210823059,0.04357067868113518
263,1.0,0.11601792595216207,0.07105005426066262,0.04496787382023675,0.08186015486717224,0.04054395854473114,0.0413162000477314
264,1.0,0.11527757133756365,0.069595567882061,0.04568200239113399,0.0808856338262558,0.039166659116744995,0.0417189784348011
265,1.0,0.11305702690567289,0.06711571397525924,0.04594131133386067,0.08532735705375671,0.04236508533358574,0.042962271720170975
266,1.0,0.1151295155286789,0.06912311751927648,0.04600639747721808,0.08458887040615082,0.03981972485780716,0.04476914927363396
267,1.0,0.11314355581998825,0.06658638481582914,0.04655717100415911,0.08330729603767395,0.039815790951251984,0.04349150508642197
268,1.0,0.11689569907529014,0.070126439843859,0.04676925816706249,0.08381602168083191,0.03917580842971802,0.04464020952582359
269,1.0,0.10966324912650245,0.06526770815253258,0.04439554203833852,0.08065764605998993,0.04040342569351196,0.04025421664118767
270,1.0,0.12438368477991649,0.07954461446830205,0.044839070311614444,0.08581901341676712,0.03999964892864227,0.04581936448812485
271,1.0,0.11555644124746323,0.06724253882254873,0.04831390295709882,0.09066903591156006,0.04558981955051422,0.04507921636104584
272,1.0,0.10498805131231036,0.0596673520548003,0.04532069872532572,0.08177261799573898,0.04286700114607811,0.03890561684966087
273,1.0,0.11146363296679088,0.07096717400210244,0.04049645843250411,0.07716070115566254,0.039416588842868805,0.03774411231279373
274,1.0,0.11697071577821459,0.07456044214112419,0.04241027470145907,0.08124616742134094,0.039472755044698715,0.041773416101932526
275,1.0,0.11643021766628538,0.07004533814532417,0.046384879520961216,0.0860196202993393,0.04026516154408455,0.045754458755254745
276,1.0,0.11673760414123535,0.06739769290600504,0.04933991070304598,0.08870585262775421,0.04240822046995163,0.04629763215780258
277,1.0,0.11533562519720622,0.06737523685608592,0.04796038940548897,0.08516817539930344,0.039891038089990616,0.04527713730931282
278,1.0,0.1103777534195355,0.06427320252571787,0.04610455089381763,0.0827123373746872,0.04108180105686188,0.04163053631782532
279,1.0,0.10983862940754209,0.06549244533692088,0.04434618513498988,0.08018933236598969,0.038957629352808,0.041231703013181686
280,1.0,0.11533601156302861,0.07208674028515816,0.04324926968131747,0.08084424585103989,0.03916341811418533,0.04168082773685455
281,1.0,0.10646541523081916,0.06175678755555834,0.044708628207445145,0.0821477621793747,0.04028558358550072,0.041862182319164276
282,1.0,0.11348468171698707,0.0687465641115393,0.04473811707326344,0.08332030475139618,0.04024215787649155,0.043078143149614334
283,1.0,0.11401608373437609,0.0666779104088034,0.04733817545431001,0.0863034799695015,0.04183202609419823,0.04447145387530327
284,1.0,0.11044611249651227,0.06493173912167549,0.04551437284265246,0.08436670899391174,0.04253362864255905,0.04183307662606239
285,1.0,0.10694921229566846,0.06426327090178217,0.04268594299043928,0.08007024228572845,0.04137551039457321,0.03869473561644554
286,1.0,0.11558988051755088,0.0745660907455853,0.04102378923978124,0.08169636130332947,0.040390584617853165,0.0413057766854763
287,1.0,0.10544184914657048,0.0605805367231369,0.044861313487802236,0.0839618667960167,0.041337672621011734,0.04262419417500496
288,1.0,0.11553532098020826,0.07016587629914284,0.04536944521324975,0.08687649667263031,0.04149337857961655,0.045383114367723465
289,1.0,0.11157019968543734,0.06496910697647504,0.0466010927089623,0.08464131504297256,0.042601775377988815,0.04203953966498375
290,1.0,0.10999141952821187,0.06551378007446017,0.04447763838938305,0.08251380175352097,0.04029582440853119,0.04221797734498978
291,1.0,0.11726927331515721,0.07353675737977028,0.0437325154032026,0.08191932737827301,0.0407538041472435,0.04116552323102951
292,1.0,0.1144316526395934,0.06955321399228913,0.044878438647304265,0.0850810706615448,0.04081510752439499,0.04426596313714981
293,1.0,0.1159093092594828,0.06966579705476761,0.04624351167253086,0.08438289165496826,0.037865981459617615,0.046516913920640945
294,1.0,0.11904903927019664,0.06987123617104121,0.04917780203478677,0.08872927725315094,0.041197728365659714,0.047531552612781525
295,1.0,0.10747261558260236,0.05925710339631353,0.04821551325065749,0.08574479818344116,0.04373021051287651,0.04201458767056465
296,1.0,0.11495928679193769,0.07112172937818936,0.043837556881564,0.080893874168396,0.04088316485285759,0.04001070559024811
297,1.0,0.11104480390037809,0.06769259380442756,0.04335221169250352,0.08164729177951813,0.04092874377965927,0.040718551725149155
298,1.0,0.11176992207765579,0.06719642930797168,0.04457349276968411,0.08196238428354263,0.039783645421266556,0.04217873886227608
299,1.0,0.11172449588775635,0.06636552512645721,0.04535897076129913,0.08233068138360977,0.039865098893642426,0.042465582489967346
300,1.0,0.11535964054720742,0.07167303296072143,0.043686607586486,0.08179880678653717,0.03917848318815231,0.04262032359838486
301,1.0,0.11000420046704155,0.06487011962703296,0.04513407977563994,0.08262640237808228,0.03892592340707779,0.04370047524571419
302,1.0,0.1029768596802439,0.05833058910710471,0.044646271637507846,0.0797070562839508,0.03817431256175041,0.041532739996910095
303,1.0,0.10756575529064451,0.06456622747438294,0.04299952728407724,0.07768025249242783,0.03884076699614525,0.03883948549628258
304,1.0,0.10915120158876691,0.06778364681771823,0.04136755583541734,0.08115263283252716,0.042078129947185516,0.039074499160051346
305,1.0,0.11442908218928746,0.0725493234183107,0.04187975823879242,0.08187459409236908,0.04239032790064812,0.039484262466430664
306,1.0,0.113587386906147,0.07081490755081177,0.04277248148407255,0.084684357047081,0.04121902585029602,0.043465327471494675
307,1.0,0.11087812589747566,0.0660656669310161,0.044812459498643875,0.08538183569908142,0.042178064584732056,0.043203774839639664
308,1.0,0.11135697151933398,0.06588685459324292,0.04547011745827539,0.08583715558052063,0.04236249253153801,0.04347466677427292
309,1.0,0.11795440316200256,0.07191893245492663,0.046035470707075934,0.08357348293066025,0.039926569908857346,0.0436469130218029
310,1.0,0.11040806663887841,0.06559991783329419,0.04480815040213721,0.08401311933994293,0.04364398494362831,0.04036913067102432
311,1.0,0.11538589958633695,0.07091369000928742,0.04447220851268087,0.08541718125343323,0.041719648987054825,0.043697528541088104
312,1.0,0.11257542137588773,0.06612211359398705,0.04645330724971635,0.08443813025951385,0.040843307971954346,0.04359482228755951
313,1.0,0.11012170144489833,0.0638025983103684,0.046319104198898585,0.08233726024627686,0.03994913026690483,0.04238813370466232
314,1.0,0.10963037184306554,0.06344668194651604,0.04618369096091816,0.08221599459648132,0.0388205349445343,0.04339546337723732
315,1.0,0.11398824197905404,0.06788560215915952,0.046102640352078846,0.08430586755275726,0.04158937931060791,0.04271649196743965
316,1.0,0.11166802900178092,0.06588960279311452,0.045778426208666394,0.08591654151678085,0.04085162654519081,0.04506491497159004
317,1.0,0.11029128091675895,0.06536603612559182,0.04492524532335145,0.08383814245462418,0.04189014434814453,0.041947998106479645
318,1.0,0.10985921642610005,0.06666616350412369,0.04319305505071368,0.08234550803899765,0.04222641885280609,0.04011908918619156
319,1.0,0.10768040588923863,0.06622357879366193,0.041456827627761025,0.0801515132188797,0.04144963249564171,0.03870188072323799
320,1.0,0.11288044920989446,0.0704091867165906,0.04247126142893519,0.08084686845541,0.03881664201617241,0.042030226439237595
321,1.0,0.11865482798644475,0.07155423132436615,0.04710059825863157,0.08857692778110504,0.039967577904462814,0.048609353601932526
322,1.0,0.10624456192765917,0.056122874575001855,0.050121688417025974,0.08837015181779861,0.040425047278404236,0.04794510453939438
323,1.0,0.11403854723487582,0.06717121707541603,0.04686732962727547,0.08398106694221497,0.041527461260557175,0.04245360568165779
324,1.0,0.11123027226754598,0.06694951759917396,0.04428075413618769,0.08203528821468353,0.03936022147536278,0.04267506301403046
325,1.0,0.11093520373106003,0.0670302329318864,0.043904970799173625,0.08087210357189178,0.039476923644542694,0.04139517992734909
326,1.0,0.11159980084214892,0.06685134608830724,0.04474845475384167,0.08168508112430573,0.037857409566640854,0.04382766783237457
327,1.0,0.11187655798026494,0.06589473571096148,0.045981821204934804,0.08241620659828186,0.03900926932692528,0.04340694099664688
328,1.0,0.11706760419266564,0.0713822330747332,0.04568537271448544,0.08673597872257233,0.04113739728927612,0.045598581433296204
329,1.0,0.11547949697290148,0.06652874180248805,0.04895075623478208,0.08995512127876282,0.040982894599437714,0.0489722304046154
330,1.0,0.11201982306582588,0.06185684885297503,0.0501629752772195,0.0885346531867981,0.04129428043961525,0.047240372747182846
331,1.0,0.11493154828037534,0.06684683901923043,0.04808470926114491,0.08499298989772797,0.041049376130104065,0.0439436174929142
332,1.0,0.11440254960741315,0.06670366706592697,0.047698882541486194,0.08335387706756592,0.039067342877388,0.04428653046488762
333,1.0,0.11483292920248848,0.06768027959125382,0.04715264801468168,0.08469448983669281,0.04194222018122673,0.04275226965546608
334,1.0,0.10821014110531126,0.06283743945615632,0.04537270164915493,0.08392102271318436,0.04336070641875267,0.040560316294431686
335,1.0,0.11148453716720853,0.06843639058726174,0.043048148176499774,0.08115644752979279,0.042021360248327255,0.03913508355617523
336,1.0,0.1086450730051313,0.06630589866212436,0.04233917434300695,0.08100609481334686,0.04028303921222687,0.040723055601119995
337,1.0,0.10600527056625911,0.061522162918533595,0.044483108179909844,0.082086943089962,0.0392334908246994,0.042853452265262604
338,1.0,0.11071879629577909,0.06489988416433334,0.04581891106707709,0.08288198709487915,0.03962559625506401,0.04325639083981514
339,1.0,0.10378074539559227,0.05964905449322292,0.04413169090236936,0.07986344397068024,0.04103953018784523,0.03882391005754471
340,1.0,0.10935899934598378,0.06736779691917556,0.041991203491176875,0.07975009083747864,0.03984601050615311,0.03990408405661583
341,1.0,0.11361422496182579,0.07030432618090085,0.043309898780924935,0.08261020481586456,0.0406155064702034,0.04199470207095146
342,1.0,0.10860184580087662,0.06371469316737992,0.04488715423004968,0.08569484949111938,0.04281251132488251,0.04288233444094658
343,1.0,0.11034861845629555,0.06561095693281718,0.0447376620556627,0.08383002877235413,0.04163525998592377,0.04219476506114006
344,1.0,0.11140827408858708,0.06891708874276706,0.042491185878004344,0.08144844323396683,0.04252795875072479,0.038920484483242035
345,1.0,0.11160036602190562,0.07083074375987053,0.040769623326403756,0.08015738427639008,0.041388239711523056,0.03876914456486702
346,1.0,0.10654430942875999,0.06515345509563174,0.041390854333128245,0.08009809255599976,0.040062952786684036,0.04003513976931572
347,1.0,0.10555085965565272,0.06363904476165771,0.04191181542617934,0.08088786154985428,0.042171232402324677,0.0387166291475296
348,1.0,0.11103542042630059,0.06988291495612689,0.04115250600235803,0.08229388296604156,0.0413980670273304,0.040895815938711166
349,1.0,0.10895163672310966,0.06559568324259349,0.04335595454488482,0.08323045074939728,0.041074369102716446,0.04215607792139053
350,1.0,0.11358405862535749,0.06937751067536217,0.0442065495465483,0.08410272002220154,0.04268798604607582,0.04141473397612572
351,1.0,0.11508993804454803,0.07155953347682953,0.04353040509990284,0.08457773923873901,0.04306570068001747,0.04151204228401184
352,1.0,0.11184638100011009,0.0669770533485072,0.04486932818378721,0.08577492833137512,0.04221649840474129,0.043558426201343536
353,1.0,0.10964594674961907,0.06615223096949714,0.043493716312306266,0.08525998145341873,0.0463397353887558,0.03892024606466293
354,1.0,0.11850938839571816,0.07700081542134285,0.04150857350655964,0.08318943530321121,0.04472538083791733,0.038464054465293884
355,1.0,0.10606408651385989,0.06403741400156703,0.04202667251229286,0.08161258697509766,0.040024835616350174,0.04158775508403778
356,1.0,0.1074740279998098,0.06270388886332512,0.04477013860430036,0.08226087689399719,0.039863474667072296,0.042397402226924896
357,1.0,0.10546048943485532,0.06185802498034069,0.0436024655188833,0.08384977281093597,0.04385283216834068,0.03999694436788559
358,1.0,0.11094434240034648,0.06812448639954839,0.04281985706516674,0.08276008069515228,0.042736828327178955,0.04002324864268303
359,1.0,0.1069046173776899,0.06502418699009078,0.04188042825886181,0.08176764845848083,0.04254942387342453,0.0392182283103466
360,1.0,0.11091282431568418,0.06991539416568619,0.04099743068218231,0.08200541138648987,0.04246905446052551,0.03953635320067406
361,1.0,0.11615149676799774,0.07300926319190434,0.043142235704830716,0.08472202718257904,0.04237298667430878,0.04234904423356056
362,1.0,0.114449499973229,0.06866299307772092,0.045786507959876745,0.08592773973941803,0.04093202203512192,0.04499571770429611
363,1.0,0.10754593568188804,0.060374902827399116,0.04717103285448892,0.08617237955331802,0.04167154058814049,0.044500838965177536
364,1.0,0.10280296632221766,0.05639865409050669,0.046404312763895304,0.08324435353279114,0.040888555347919464,0.042355794459581375
365,1.0,0.11518885727439608,0.070616001529353,0.044572855212858746,0.08187216520309448,0.03976713493466377,0.04210503399372101
366,1.0,0.10657661833933421,0.061796331512076516,0.0447802868272577,0.0823027640581131,0.040086016058921814,0.042216744273900986
367,1.0,0.11058657190629415,0.06623721974236625,0.04434935163174357,0.08309121429920197,0.0417025089263916,0.041388705372810364
368,1.0,0.11472748645714351,0.07001173655901637,0.04471574989812715,0.08516624569892883,0.042798735201358795,0.04236750677227974
369,1.0,0.11404933248247419,0.06916889495083264,0.044880440192563195,0.08527548611164093,0.0425286591053009,0.04274682328104973
370,1.0,0.10875916481018066,0.06320494306938988,0.04555421961205346,0.08405950665473938,0.040760140866041183,0.0432993620634079
371,1.0,0.11083243787288666,0.06584111175366811,0.04499132611921856,0.0835278332233429,0.041760485619306564,0.04176734387874603
372,1.0,0.10575143354279655,0.06171446932213647,0.04403696422066007,0.08235231041908264,0.041729532182216644,0.040622781962156296
373,1.0,0.10742076805659703,0.06440885631101471,0.04301191068121365,0.0798221006989479,0.039108581840991974,0.04071351885795593
374,1.0,0.10624173070703234,0.06386364357812065,0.04237808606454304,0.07897557318210602,0.039399731904268265,0.03957584500312805
375,1.0,0.11227868390934807,0.0702738453234945,0.04200483698930059,0.0800776407122612,0.03993301838636398,0.04014462232589722
376,1.0,0.11056623182126454,0.06804666189210755,0.042519569396972656,0.08128245174884796,0.040130920708179474,0.041151534765958786
377,1.0,0.10591104626655579,0.06368628037827355,0.04222476801701954,0.08229642361402512,0.0430326871573925,0.039263736456632614
378,1.0,0.11158448031970433,0.06988689303398132,0.04169758568917002,0.08224272727966309,0.04245457053184509,0.039788153022527695
379,1.0,0.10950883797236852,0.06675222356404577,0.04275661494050707,0.08030398190021515,0.038843657821416855,0.04146032780408859
380,1.0,0.11263779337917056,0.06888468137809209,0.0437531125332628,0.0809025838971138,0.03902801498770714,0.04187456890940666
381,1.0,0.11024467647075653,0.06624747972403254,0.04399719515017101,0.08318130671977997,0.042281556874513626,0.040899746119976044
382,1.0,0.10809636116027832,0.06426735807742391,0.043829003615038734,0.08230794966220856,0.04097740352153778,0.04133054241538048
383,1.0,0.11330199560948781,0.06873305195144244,0.04456894525459835,0.08241242170333862,0.038902685046195984,0.04350974038243294
384,1.0,0.11052062575306211,0.06438185487474714,0.04613877087831497,0.08268670737743378,0.038209401071071625,0.04447731003165245
385,1.0,0.10786638302462441,0.0616293123790196,0.046237067984683175,0.08267392218112946,0.03878568112850189,0.043888237327337265
386,1.0,0.1077545742903437,0.06245000075016703,0.04530457354017666,0.0822749137878418,0.0401194803416729,0.0421554297208786
387,1.0,0.10526525654963084,0.061774762613432746,0.04349049340401377,0.08035176992416382,0.039909131824970245,0.04044263809919357
388,1.0,0.11091946065425873,0.06848954569016184,0.04242991656064987,0.08051546663045883,0.04024237021803856,0.04027309641242027
389,1.0,0.11322989208357674,0.07089541267071452,0.04233447994504656,0.08168237656354904,0.04074934870004654,0.0409330278635025
390,1.0,0.11258199385234288,0.06947077278579984,0.04311122053435871,0.0837135836482048,0.04255213961005211,0.041161444038152695
391,1.0,0.11614812378372465,0.071714101093156,0.04443402322275298,0.08471986651420593,0.04117951542139053,0.0435403473675251
392,1.0,0.11105315600122724,0.06538145829524313,0.045671697705984116,0.08544912934303284,0.04104548692703247,0.044403646141290665
393,1.0,0.10727313480206899,0.0614274192069258,0.04584571719169617,0.08450901508331299,0.04071012884378433,0.04379888251423836
394,1.0,0.10813449536051069,0.06277090364268847,0.045363589589084895,0.08390646427869797,0.041373904794454575,0.04253255948424339
395,1.0,0.11182737882648196,0.06751855622444834,0.0443088241985866,0.08336411416530609,0.04138334468007088,0.041980769485235214
396,1.0,0.1132520203079496,0.06879106323633875,0.04446095760379519,0.08346769958734512,0.04158638045191765,0.041881319135427475
397,1.0,0.1132307808314051,0.06847285532525607,0.04475792444178036,0.08416995406150818,0.040441468358039856,0.04372848570346832
398,1.0,0.10807822218963078,0.06141957055245127,0.04665865270154817,0.08468382060527802,0.039516203105449677,0.04516761377453804
399,1.0,0.10944658304963793,0.062415809503623416,0.047030773546014516,0.08499439060688019,0.040073227137327194,0.044921163469552994
400,1.0,0.1097248015659196,0.06303729223353523,0.0466875077358314,0.08392150700092316,0.04015279561281204,0.043768711388111115
401,1.0,0.10966309266430992,0.06408469325729779,0.045578399407012124,0.08326384425163269,0.040476422756910324,0.042787421494722366
402,1.0,0.11372667976788112,0.0687418021261692,0.04498487710952759,0.08222603797912598,0.03987281396985054,0.042353224009275436
403,1.0,0.10739931783505849,0.06298166353787694,0.04441765270062855,0.08187882602214813,0.03958282992243767,0.04229599982500076
404,1.0,0.10792018686022077,0.0639541782438755,0.04396600861634527,0.08173800259828568,0.03962332382798195,0.042114678770303726
405,1.0,0.10756236527647291,0.06336848491004535,0.044193881430796216,0.08155837655067444,0.03994045779109001,0.04161791875958443
406,1.0,0.11674750276974269,0.07303996277706963,0.04370754158922604,0.08259482681751251,0.04042588546872139,0.04216894134879112
407,1.0,0.11261282009737832,0.06808195422802653,0.04453086693372045,0.08292731642723083,0.04084070399403572,0.04208661615848541
408,1.0,0.10881147640092033,0.06443240121006966,0.04437907359429768,0.08327780663967133,0.04099161922931671,0.04228619113564491
409,1.0,0.10955585220030375,0.06554088262575013,0.0440149690423693,0.08326318860054016,0.04165273532271385,0.04161044955253601
410,1.0,0.10864743483918053,0.06512599917394775,0.04352143672960145,0.08325020223855972,0.04249728471040726,0.040752917528152466
411,1.0,0.10620370932987758,0.0626488785658564,0.043554830231836865,0.08291281759738922,0.04294780269265175,0.03996501863002777
412,1.0,0.10246855978454862,0.05955831067902701,0.04291024750896862,0.0815858393907547,0.04171384125947952,0.03987199813127518
413,1.0,0.11085209782634463,0.06842096362795148,0.04243113473057747,0.08110105246305466,0.0407855287194252,0.040315523743629456
414,1.0,0.10768620456968035,0.06451063549944333,0.04317556960242135,0.08148756623268127,0.04063062369823456,0.04085693880915642
415,1.0,0.1083134902375085,0.06512400561145373,0.04318948728697641,0.0818941742181778,0.040822599083185196,0.0410715751349926
416,1.0,0.11578306130000524,0.07242311430828911,0.043359946459531784,0.08264043927192688,0.04102553427219391,0.04161490127444267
417,1.0,0.10848785936832428,0.0649101473391056,0.04357771149703434,0.08291512727737427,0.04126768186688423,0.04164744168519974
418,1.0,0.10644945608718055,0.06296606148992266,0.043483394597257884,0.08249825239181519,0.04143749177455902,0.04106076434254646
419,1.0,0.10496323875018529,0.061327822506427765,0.04363541677594185,0.08149106800556183,0.04118295758962631,0.04030810669064522
420,1.0,0.10930140955107552,0.0667490049132279,0.04255240357347897,0.08086001873016357,0.04099569469690323,0.039864327758550644
421,1.0,0.10820238611527852,0.06629991265279907,0.041902473994663784,0.08077721297740936,0.04048881307244301,0.04028840363025665
422,1.0,0.11603318899869919,0.07365110356892858,0.04238208596195493,0.08118164539337158,0.0402933806180954,0.040888261049985886
423,1.0,0.11289834337575096,0.06969648120658738,0.043201860572610586,0.08209443092346191,0.04021187499165535,0.041882555931806564
424,1.0,0.11250606498547963,0.06837879653487887,0.04412726951496942,0.08276712149381638,0.04040352627635002,0.042363595217466354
425,1.0,0.10881904725517545,0.06430893817118236,0.04451010748744011,0.08311644196510315,0.04112899675965309,0.04198744520545006
426,1.0,0.11194324919155665,0.0671689153781959,0.04477433328117643,0.08401449769735336,0.041732318699359894,0.04228217899799347
427,1.0,0.11377471046788352,0.06825070242796626,0.04552400803991726,0.08412434160709381,0.040757764130830765,0.04336657375097275
428,1.0,0.10805980329002653,0.061936301844460626,0.04612349984901292,0.08390413224697113,0.040160369127988815,0.043743763118982315
429,1.0,0.10801925616604942,0.06189186232430594,0.0461273943739278,0.0833461582660675,0.03963722661137581,0.043708931654691696
430,1.0,0.11275356795106616,0.06671596744230815,0.046037599976573675,0.08319707214832306,0.03963296487927437,0.04356410354375839
431,1.0,0.1047368294426373,0.05911533215216228,0.0456214967582907,0.08301442116498947,0.04010118171572685,0.04291323944926262
432,1.0,0.11030842363834381,0.06522843028817858,0.04507999335016523,0.08267882466316223,0.040683306753635406,0.041995514184236526
433,1.0,0.10671554718698774,0.0627402833529881,0.04397526276963098,0.08209896087646484,0.04119616001844406,0.04090280085802078
434,1.0,0.11039947931255613,0.06740019842982292,0.04299928194710186,0.08126051723957062,0.04081444814801216,0.04044606536626816
435,1.0,0.10896842926740646,0.0657223133104188,0.04324611648917198,0.0813756212592125,0.040364328771829605,0.04101129248738289
436,1.0,0.11921417606728417,0.07568820033754621,0.04352597626192229,0.08205120265483856,0.040190450847148895,0.041860755532979965
437,1.0,0.11126620109592165,0.06676879418747765,0.04449740584407534,0.08295665681362152,0.0403628908097744,0.04259376600384712
438,1.0,0.1079597036753382,0.06289846450090408,0.04506124023880277,0.08310364931821823,0.04034396633505821,0.04275968298316002
439,1.0,0.10887516609260015,0.06350521902952876,0.045369947595255714,0.08307874947786331,0.0404697023332119,0.04260904714465141
440,1.0,0.1119735347373145,0.0668319623385157,0.045141570802245824,0.0830945372581482,0.04050111770629883,0.04259341582655907
441,1.0,0.10597481152841023,0.06095598744494574,0.04501882568001747,0.08293019235134125,0.040093354880809784,0.04283684119582176
442,1.0,0.10592719061034066,0.060919271515948434,0.045007918030023575,0.08271260559558868,0.039941687136888504,0.04277091473340988
443,1.0,0.11029243788548879,0.06555944361857005,0.04473299479910305,0.08254460990428925,0.040021203458309174,0.042523402720689774
444,1.0,0.10774476081132889,0.06340397468635015,0.04434078506061009,0.08237485587596893,0.03996885567903519,0.04240599647164345
445,1.0,0.11415059864521027,0.06972003036311694,0.04443056774990899,0.08256587386131287,0.0398850217461586,0.04268084838986397
446,1.0,0.10913160869053432,0.06449235443558012,0.0446392542549542,0.08248700201511383,0.03981518745422363,0.042671818286180496
447,1.0,0.11362498360020774,0.06897042532052312,0.04465455774750028,0.0825466513633728,0.03972510248422623,0.042821552604436874
448,1.0,0.10186440071889333,0.05716476323349135,0.044699639081954956,0.08227093517780304,0.039774972945451736,0.0424959622323513
449,1.0,0.11129482622657504,0.0671019543494497,0.04419287081275668,0.081948421895504,0.039755769073963165,0.04219265282154083
450,1.0,0.1098416554076331,0.0657766977591174,0.04406495711633137,0.08199258893728256,0.0397925041615963,0.042200084775686264
451,1.0,0.10618548946721214,0.06142230385116169,0.04476318561605045,0.08211274445056915,0.03983253240585327,0.04228021577000618
452,1.0,0.10818610766104289,0.06397821488124984,0.0442078917154244,0.08215345442295074,0.040227457880973816,0.04192599281668663
453,1.0,0.1044994198850223,0.060553747096232007,0.043945670660052984,0.0818740725517273,0.04044099524617195,0.041433073580265045
454,1.0,0.11833070644310542,0.07464360871485301,0.04368709772825241,0.08206899464130402,0.04070257022976875,0.04136642441153526
455,1.0,0.10661444600139346,0.06308407655784062,0.04353036731481552,0.08220084011554718,0.04085821658372879,0.04134262353181839
456,1.0,0.1102128539766584,0.06638224422931671,0.043830608150788715,0.08226311951875687,0.040822070091962814,0.04144104942679405
457,1.0,0.11193610834223884,0.06795068723814827,0.043985421636274884,0.08234250545501709,0.040486082434654236,0.041856423020362854
458,1.0,0.10639590450695582,0.06238246709108353,0.044013437415872304,0.08233456313610077,0.04021885246038437,0.0421157069504261
459,1.0,0.11242900895220893,0.06766291760972568,0.04476609134248325,0.08249640464782715,0.04003557562828064,0.04246083274483681
460,1.0,0.10800671258143016,0.06310328521898814,0.04490342789462635,0.0826496034860611,0.040062446147203445,0.04258715361356735
461,1.0,0.11610158532857895,0.07112815390740122,0.0449734308889934,0.08282807469367981,0.04014136642217636,0.04268670454621315
462,1.0,0.11071400344371796,0.06574412382074765,0.04496988068733897,0.08303878456354141,0.04010190814733505,0.04293687641620636
463,1.0,0.10947573078530175,0.06445846174444471,0.045017270637410026,0.08321037143468857,0.04009474068880081,0.043115630745887756
464,1.0,0.10653081004108701,0.06128456975732531,0.04524623975157738,0.08313070237636566,0.040144000202417374,0.042986705899238586
465,1.0,0.11166355120284217,0.06673908393297877,0.04492446514112609,0.08317068219184875,0.04028891399502754,0.04288176819682121
466,1.0,0.11221980409962791,0.06745770892926625,0.04476209676691464,0.08313119411468506,0.040357526391744614,0.04277367144823074
467,1.0,0.10899563559464046,0.06432239711284637,0.04467323901397841,0.08315783739089966,0.040281910449266434,0.042875926941633224
468,1.0,0.10711138589041573,0.062240609633071084,0.04487077732171331,0.08308754861354828,0.040259044617414474,0.042828503996133804
469,1.0,0.10536014075790133,0.060507802558796744,0.04485233873128891,0.08299598097801208,0.040242478251457214,0.04275349900126457
470,1.0,0.10648465262992042,0.061868767121008465,0.044615887105464935,0.08285105228424072,0.04027370363473892,0.0425773523747921
471,1.0,0.10836096746580941,0.06381638135228838,0.04454458398478372,0.08268964290618896,0.0403309129178524,0.04235873371362686
472,1.0,0.1061557371701513,0.061332955424274714,0.044822782810245244,0.08263739943504333,0.04042958840727806,0.042207811027765274
473,1.0,0.111930179808821,0.06758067703672818,0.04434950223990849,0.08260636031627655,0.040522072464227676,0.042084284126758575
474,1.0,0.11424339988401958,0.06998037653309959,0.04426302228655134,0.08260758221149445,0.04063034430146217,0.04197723791003227
475,1.0,0.11343889896358762,0.06933684487427984,0.044102053557123454,0.08264219760894775,0.04074221849441528,0.04189997538924217
476,1.0,0.10340101484741483,0.0594257398375443,0.043975276606423516,0.08258526027202606,0.04077617824077606,0.0418090857565403
477,1.0,0.11262617579528264,0.06836817041039467,0.044258003788334985,0.0826239138841629,0.040801312774419785,0.04182259738445282
478,1.0,0.11048103443213872,0.06615421229175159,0.04432682426912444,0.08264581114053726,0.04085810109972954,0.041787710040807724
479,1.0,0.11119261703320912,0.06735170951911382,0.043840906981910975,0.08264124393463135,0.0408564992249012,0.04178474098443985
480,1.0,0.11097875769649233,0.06716778767960412,0.0438109716134412,0.08257539570331573,0.040827713906764984,0.04174768179655075
481,1.0,0.10644631194216865,0.0622300250189645,0.04421628692320415,0.08251779526472092,0.04081326723098755,0.04170452803373337
482,1.0,0.10655427936996732,0.062418196882520406,0.04413608301963125,0.08246554434299469,0.04079660400748253,0.04166893661022186
483,1.0,0.11441422998905182,0.07008065336516925,0.044333577688251226,0.08245400339365005,0.04077616333961487,0.04167784005403519
484,1.0,0.11342801366533552,0.0691001143838678,0.04432789821709905,0.08244781196117401,0.04073323309421539,0.04171458259224892
485,1.0,0.12128620168992452,0.07727449972714696,0.0440117030271462,0.08246895670890808,0.040685150772333145,0.04178380221128464
486,1.0,0.11110555274145943,0.06717926849211965,0.04392628424933979,0.08248564600944519,0.040645238012075424,0.041840407997369766
487,1.0,0.10795727052858897,0.06389852240681648,0.0440587481217725,0.08249366283416748,0.04062335565686226,0.04187030345201492
488,1.0,0.1080271303653717,0.06407431779163224,0.043952812041555135,0.08249000459909439,0.04059237241744995,0.04189763218164444
489,1.0,0.11093597007649285,0.06656238117388316,0.04437358996697834,0.08249272406101227,0.0405782125890255,0.04191451147198677
490,1.0,0.10754829112972532,0.063299546284335,0.04424874484539032,0.08249467611312866,0.040569402277469635,0.04192527383565903
491,1.0,0.10958530966724668,0.0650285647383758,0.04455674599323954,0.08249307423830032,0.04057123512029648,0.041921839118003845
492,1.0,0.10620441394192832,0.06215111698423113,0.044053296957697184,0.0824919193983078,0.04057619720697403,0.04191572219133377
493,1.0,0.10809235806976046,0.06373732058065278,0.044355038021292,0.08248494565486908,0.04058012738823891,0.041904814541339874
494,1.0,0.11212955415248871,0.0675973439855235,0.044532209634780884,0.08248259127140045,0.040583886206150055,0.0418987050652504
495,1.0,0.10839200977768217,0.06399759384138244,0.04439441593629973,0.08248338103294373,0.04058324173092842,0.041900139302015305
496,1.0,0.1140172758272716,0.069368448640619,0.04464882825102125,0.08248423039913177,0.040582410991191864,0.04190182313323021
497,1.0,0.1113954409956932,0.06700118365032333,0.0443942557488169,0.082485631108284,0.040584027767181396,0.0419016070663929
498,1.0,0.11218211693423134,0.06798966814364706,0.04419244985495295,0.08248640596866608,0.04058372601866722,0.041902683675289154
499,1.0,0.11179245795522418,0.06772465045963015,0.04406780696340969,0.08248662203550339,0.040583737194538116,0.04190288484096527
500,1.0,0.11516845971345901,0.07070559529321534,0.04446286442024367,0.08248666673898697,0.04058375582098961,0.04190291091799736
